이름, 나이, 거주지
챠니,20,인천
정현,25,서울
안개,30,부산
챠니,20,인천
정현,25,서울
안개,30,부산
챠니,20,인천
정현,25,서울
안개,30,부산
챠니,20,인천
정현,25,서울
안개,30,부산
챠니,20,인천
정현,25,서울
안개,30,부산
챠니,20,인천
정현,25,서울
안개,30,부산
챠니,20,인천
정현,25,서울
안개,30,부산
챠니,20,인천
정현,25,서울
안개,30,부산
챠니,20,인천
정현,25,서울
안개,30,부산
챠니,20,인천
정현,25,서울
안개,30,부산
챠니,20,인천
정현,25,서울
안개,30,부산
챠니,20,인천
정현,25,서울
안개,30,부산
챠니,20,인천
정현,25,서울
안개,30,부산
챠니,20,인천
정현,25,서울
안개,30,부산
챠니,20,인천
정현,25,서울
안개,30,부산
챠니,20,인천
정현,25,서울
안개,30,부산
챠니,20,인천
정현,25,서울
안개,30,부산
챠니,20,인천
정현,25,서울
안개,30,부산
챠니,20,인천
정현,25,서울
안개,30,부산
챠니,20,인천
정현,25,서울
안개,30,부산
챠니,20,인천
정현,25,서울
안개,30,부산
챠니,20,인천
정현,25,서울
안개,30,부산
챠니,20,인천
정현,25,서울
안개,30,부산
챠니,20,인천
정현,25,서울
안개,30,부산
챠니,20,인천
정현,25,서울
안개,30,부산
챠니,20,인천
정현,25,서울
안개,30,부산
챠니,20,인천
정현,25,서울
안개,30,부산
챠니,20,인천
정현,25,서울
안개,30,부산
챠니,20,인천
정현,25,서울
안개,30,부산
챠니,20,인천
정현,25,서울
안개,30,부산
챠니,20,인천
정현,25,서울
안개,30,부산
챠니,20,인천
정현,25,서울
안개,30,부산
챠니,20,인천
정현,25,서울
안개,30,부산
챠니,20,인천
,25,서울
,30,부산
,20,인천